Post,Author,Date,Keyword,Sentiment,Gender,Location,Likely Political Affiliation
"I was hoping that Biden would keep his promise to try to unite our country, but instead this admin has used race and identity politics to divide us, our freedom of speech and civil liberties are under assault, inflation is going through the roof, and we’ve got open borders.",Tulsi Gabbard,9/24/2021,inflation,Negative,F,HI,D
Bidenomics. But no mean tweets.,Ben Shapiro,12/11/2021,inflation,Negative,M,TN,R
"""We will grind the middle class between the twin millstones of taxation and inflation.” 
-- Vladimir Lenin
Ladies and gents, today Joe Biden will announce a $6T spending package, yes, on a Friday of Memorial Day weekend when we should be beginning our remembrance of those who have ""given the last full measure of devotion."" 
I do not believe that the men and women, who have sacrificed their lives for this great Constitutional Republic, appreciate a so-called president who quotes Chairman Mao Tse-Tung and bases his economic plan on the rhetorical theme of Lenin.
Did our true heroes make the ultimate sacrifice for this bovine excrement?
Just something to think about this Memorial Day weekend.
Honor Memorial Day!",Allen West,5/28/2021,inflation,Negative,M,TX,R
This is what #shrinkflation looks like. #BuildBackBetter #inflation,Hannah Cox,10/30/2021,inflation,Negative,F,GA,R
"We must understand what's happening in America with inflation and be prepared for what's coming. So let me break it down in layman's terms and explain how to remedy it. Two solutions exist, and one is still possible for the American economy today. BUT, I believe the Fed will never take the steps needed to carry out that resolution...",Glenn Beck,5/13/2021,inflation,Negative,M,TX,R
"Hannity on Pipeline Hack, Inflation, Dollar Depreciation: ""Congratulations to All the Idiots Who Voted for Biden""",Sean Hannity,5/12/2021,inflation,Negative,M,NY,R
"Joe Biden is just an extension of the Carter presidency.  Inflation, embarrassment at the hands of Middle Eastern terrorists, incompetence, failed energy policies, and a general malaise brought on by an embarrassingly weak goof.",Michael Berry,8/19/2021,inflation,Negative,M,TX,R
"""You're the leader of the free world. We have a border in crisis. The Middle East is at war. The economy is facing inflation. The Eastern seaboard is out of gas. You can't answer simple questions? You're the President of the United States! So, my question to him is who are we supposed to turn to?"" -Hogan Gidley said in reaction to President Biden's lack of leadership on recent crises.",Judge Jeanine Pirro,5/15/2021,inflation,Negative,F,NY,R
"In case you missed it, Larry Summers wrote an op-ed last week arguing Joe Biden's COVID relief plan is too big and will lead to too much inflation.
Please. The problem is not that the government is overspending. The problem is that it’s not spending enough.",Robert Reich,2/6/2021,inflation,Positive,M,CA,D
"Once again, Pelosi and Biden played ""kick the can down the road"" by passing yet another funding stop gap measure. This is no way to run a government.
Meanwhile, they have no plan to fix the border, address the supply chain crisis, or support our law enforcement as they fight spiking crime across our nation.",Kat Cammack,12/7/2021,supply chain,Negative,F,FL,R
When do you think our supply chain issues will be fixed?,Lance Wallnau,12/7/2021,supply chain,Negative,M,TX,R
"Florida is open for business and Florida ports are ready to help America’s supply chain backlog. My Administration is showing our commitment to America’s supply chain with investments and action. 
We have already seen ships re-route to Florida and look forward to accommodating even more.",Governor Ron DeSantis,10/19/2021,supply chain,Negative,M,FL,R
"November 9, 2021 (Tuesday)
While President Joe Biden quietly tried to fix the congestion at ports that is causing supply chain issues, the news today has been consumed by one story after another showing the increasing radicalization of those Republicans in charge of the national party.
Yesterday’s news that Representative Paul Gosar (R-AZ) had posted a video of himself as an anime character killing Representative Alexandria Ocasio-Cortez (D-NY) and slashing at an anime Biden drew attention today as Democrats called for an ethics and law enforcement investigation into the congressman but no leading Republican condemned Gosar’s outrageous and dangerous behavior. Instead, Republicans talked of stripping the committee assignments from the 13 Republican representatives who voted for the bipartisan infrastructure bill. 
At the very least, this refusal to hold Gosar to account while going after those party members who cooperated with Democrats and voted for the very popular infrastructure bill indicates that House Minority Leader Kevin McCarthy (R-CA) sees no choice but to throw his weight behind the Trump faction. 
The party has tied itself to Trump, and yet, more damaging information continues to drop about his administration. A report today from the Office of Special Counsel, an internal federal government watchdog agency led by Henry Kerner, who was appointed to the post by former president Donald Trump, concluded that 13 senior Trump administration officials violated the Hatch Act by using their official positions to campaign for the president.
Pressure on the former president continues to mount.
Late last night, Trump tried to block the National Archives and Records Administration (NARA) from answering a subpoena from the House Select Committee to Investigate the January 6th Attack on the U.S. Capitol for telephone records, visitor logs, and other documents. 
But tonight, U.S. District Court Judge Tanya Chutkan rejected his suit, saying that the decision to exercise executive privilege resides with the office, not the people who have held that office in the past. Her decision was scorching. It quoted his tweets inciting the insurrection, took down his arguments one by one, and concluded: “Plaintiff does not acknowledge the deference owed to the incumbent President’s judgment…. His position that he may override the express will of the executive branch appears to be premised on the notion that his executive power ‘exists in perpetuity,’.... But Presidents are not kings, and Plaintiff is not President.” She concluded: “The court…holds that Plaintiff’s assertion of privilege is outweighed by President Biden’s decision not to uphold the privilege.”
But she went further. Trump’s lawyers had tried to argue that the committee was simply on a fishing expedition and had no legitimate legislative reason to look into the insurrection. Judge Chutkan responded with an acknowledgement of just what Congress might want to consider in the wake of the insurrection. It might want to enact or amend criminal laws “to deter and punish violent conduct targeted at the institutions of democracy, enacting measures for future executive enforcement of Section 3 of the Fourteenth Amendment against any Member of Congress or Officer of the United States who engaged in ‘insurrection or rebellion,’ or gave ‘aid or comfort to the enemies thereof,’” she wrote. Coming from a federal judge, this is a significant indictment of the actions of those leaders who engaged in the events of January 6.
Trump’s lawyers immediately appealed. A senior adviser to Trump responded that the former president is simply trying to “defend Executive Privilege for Presidents past, present & future,” and that “Trump remains committed to defending the Constitution & the Office of the Presidency, & will be seeing this process through.” 
For his part, Trump promptly issued a statement insisting that the 2020 election in Georgia was fraudulent. 
The House Select Committee issued subpoenas today for records and testimony from ten more people from the Trump White House. Many of those names were of people who are largely out of the spotlight and who witnessed or participated in conversations. Some better known names jump out.
The committee has subpoenaed Kayleigh McEnany, the former White House press secretary, who insisted falsely there was fraud in the election and who was apparently with Trump as he watched the attack on January 6. 
It subpoenaed Trump adviser Stephen Miller, who talked falsely about voter fraud in the election and called on state legislatures to overturn Biden’s victory by appointing alternate slates of electors.
It also subpoenaed John McEntee, a young Trump loyalist who had been the former president’s baggage handler before Trump installed him as the White House personnel director, in charge of hiring for the executive branch. McEntee was reportedly present for many of the key conversations around trying to overturn the 2020 election. 
An article today in The Atlantic by Jonathan D. Karl, the chief Washington correspondent for ABC News, calls “Johnny” McEntee “the man who made January 6 possible.” McEntee purged the administration of anyone he did not consider sufficiently—that is to say, totally—loyal to Trump.
All the negative news for the former president today provided fodder for the anti-Trump Republicans who seem to be making a play to reclaim control of the party. In reaction to McCarthy’s silence on Gosar, Representative Adam Kinzinger of Illinois tweeted: “A party with leaders like Kevin McCarthy, that cannot stand up to the insanity from people like Greene, Gaetz, Gosar, etc, is going to have a hard time standing up to countries like China.”
In New Hampshire today, Republican governor Chris Sununu announced on television that he would not run for the Senate. Party leaders had courted the popular governor for the spot, believing he could win and help the Republicans retake control of the Senate. Sununu did not tell Senate Minority Leader Mitch McConnell (R-KY) or National Republican Senatorial Committee chair Rick Scott (R-FL) ahead of time, telling reporters: ""I guess you'll have to let them know. I haven't talked to them.” Democrats did well in New Hampshire in last week’s election, and Sununu likely noted that this was a poor time to tie himself to the national party.
Also in New Hampshire today, Representative Liz Cheney (R-WY) tore into the Trump Republicans. She said that Americans are “confronting a domestic threat that we’ve never faced before: a former president who's attempting to unravel the foundations of our Constitutional Republic, aided by political leaders who have made themselves willing hostages to this dangerous and irrational man.” Cheney was speaking at St. Anselm College, a traditional stop for those running for president. 
“In this time of testing, will we do our duty? Will we do what we must? Will we defend our Constitution? Will we stand for truth? Will we put duty to our oath above partisan politics? Or will we look away from the danger, ignore the threat, embrace the lies and enable the liar?” she said. “There is no gray area when it comes to that question. When it comes to this moment, there is no middle ground.”",Heather Cox Richardson,11/9/2021,supply chain,Negative,F,MA,D
"Texas ports are open & ready to help fix America's supply chain backlog.
We can get goods out faster & at a lower cost than California due to our centralized location.
Choose Texas.",Greg Abbott,11/1/2021,supply chain,Negative,M,TX,R
"Mac's Speed Shop just announced its menu is going to be temporarily reduced due to product shortages and price increases, especially brisket and chicken wings. 
(Side note: I'm working on a larger story about supply chain issues and food cost increases for restaurants for the Observer, so if any restaurant owners here want to talk with me about their experiences, shoot me a message!)",Jacob Pucci,10/12/2021,supply chain,Negative,M,NC,
Here's what y'all said about Thanksgiving shortages. Thanks for the help on this story!,Suzy Fleming Leonard,11/2/2021,supply chain,Negative,F,FL,
"Are we seeing a real 'labor shortage' in this country? No, I do not think so. What we have is a situation in which workers all across this country are saying, 'you know what? I don't have to work for starvation wages, I am a human being, I deserve to be treated with dignity.'",Bernie Sanders,11/17/2021,labor,Negative,M,VT,D
"Inflation is a tax on EVERY American family. 
Big government, tax and spend policies are killing our nation.",Kelly Loeffler,2/19/2022,inflation,Negative,F,GA,R
"Truckers across our Virginia and our nation stepped up during the pandemic, but they still face a historic labor shortage.
I was proud to vote for the Infrastructure Law, which will help recruit and train more truckers, as well as invest in much-needed repairs to our roads and bridges.",Abigail Spanberger,12/28/2021,labor shortage,Negative,F,VA,R
Imagine being upset with someone making a livable wage...,George Takei,11/3/2021,labor shortage,Positive,M,CA,D
"If you are a small business owner, what have your experiences been the last few months? Between inflation and a national labor shortage, it can't be easy. Democrats in Washington are turning a blind eye to these issues and pursuing policies that will only make them worse. I want to hear directly from you about how you are being affected.",Kevin McCarthy,9/28/2021,labor shortage,Negative,M,CA,R
"This will be the most expensive Thanksgiving meal in the history of the holiday. Between a labor shortage, soaring energy prices, and inflation at a 30-year high, it’s no wonder Democrats’ policies are costing Americans more. 
#ThanksgivingTax",Congressman Tom Rice ,11/23/2021,labor shortage,Negative,M,SC,R
"Off the Wall 
David Soliday writes...
This should be in every high school in America! College is awesome… for some, but not for all. Mike Rowe would applaud this! 
Hi David
You are correct. Not only would I applaud it, I'd share it, and challenge every principal in every single high school in America to post in a place of prominence. And to those principals who decline, I'd ask a simple question. 
Why? 
Mike
PS In many parts of the country, these are starting hourly wages. Due to the current labor shortage, many employers are paying much more. My friend Chloe Hudson, who stars in a short documentary called Trading Up, (released later today,) makes mid six-figures as a welder, with no college debt. Her story, like so many others, is compelling and critical. Here's a link to the trailer...https://www.prageru.com/video/trading-up-trailer",Mike Rowe,10/13/2021,labor shortage,Positive,M,CA,
Retail workers warn of system collapse with labor shortage https://video.foxbusiness.com/v/6274903795001/... Mornings with Maria FOX Business,Maria Baritromo,9/30/2021,labor shortage,Negative,F,NY,R
"Juan Williams said there's no sign of labor shortage? - Let's unpack this
follow Kimberly Klacik for more content.",Kimberly Klacik,5/11/2021,labor shortage,Negative,F,MD,R
"Alabama will end its participation in all federally funded pandemic unemployment compensation programs effective June 19, 2021 including: FPUC, PUA, PEUC and MEUC. 
As Alabama’s economy continues its recovery, we are hearing from more and more business owners and employers that it is increasingly difficult to find workers to fill available jobs, even though job openings are abundant. Among other factors, increased unemployment assistance, which was meant to be a short-term relief program during emergency related shutdowns, is now contributing to a labor shortage that is compromising the continuation of our economic recovery. 
Learn more here: https://governor.alabama.gov/.../governor-kay-ivey.../
Alabama Department of Labor",Governor Kay Ivey,5/10/2021,labor shortage,Negative,F,AL,R
Inflation since January 2021 and rising,Jenn Brown,2/11/2022,inflation,Negative,F,FL,
"Government spending is out of control.
🚨 In 2021, inflation cost the average American family $3,500.
That’s why I introduced the Inflation Prevention Act to help combat inflationary spending by barring legislation estimated to increase inflation.",Representative Mike Garcia,2/10/2022,inflation,Negative,M,CA,R
"Despite January’s jobs report, don’t be fooled:
→ Inflation is soaring.
→ Fewer jobs were created in 2021 than what Biden promised.
→ Unemployment has gone up.
→ Gas prices are at a 7-year high.",Congresswoman Debbie Lesko,2/4/2022,inflation,Negative,F,AZ,R
Inflation is above 7.5 already! It was at 1.4 on January 2021!,Will Moya,2/11/2022,inflation,Negative,M,FL,
"But what about inflation? Data released this week showed that the consumer price index rose by 7.5 percent year-on-year, an almost 40-year high. That sounds scary. And inflation is too high, partly caused by a too-large covid relief package. But the fears of ever-escalating prices are probably exaggerated. Year-over-year inflation rose to 7.5 percent but, as forecaster Mark Zandi notes, the increase is only from an extremely low base of 1.4 percent in January 2021. The monthly rate of 0.6 percent is much lower than in October. Crucially, according to calculations from the Center for American Progress, Americans’ disposable incomes were higher in 2021 — even adjusting for inflation.'",Manning Brighid Hamilton,2/11/2022,inflation,Negative,F,WA,
"What a difference a year makes.
Inflation from January 2021 to January 2022 is 7.5%
Food is up 7%
Meat is up 12.2%
Energy is up 27%
Gas is up a whopping 40%
Tough financial times are here now and a reality for the near future.",Brian Simpson,2/11/2022,inflation,Negative,M,OH,
Inflation had largest 12 month (January 2021-January 2022) increase since 1982 (40 years). It’s almost like something changed in January of 2021. 🤔🥱,Mike McCary,2/10/2022,inflation,Negative,M,SC,
"The hits keep on coming. It was announced this morning that the CPI has jumped to 7.5%, a month over month increase of .6%. When you compare this to the recent COLA increase for SSI people that represents an increase of 1.6%. In other words inflation has already eaten 27% of the COLA increase recently received. Worst part about this is that they are predicting additional increases next month.
It is interesting to look at the inflation trend in 2021. In February it was setting at 1.7%. There were several things that happened during the early part of the year that impacted inflation.
First off was the Biden energy policies. The executive orders were signed on Jan. 20th and went into effect in February. Between February and March inflation jumped .9%. Then they passed the American Rescue Plan in early March. That along with forced wage hikes triggered another 1.6% increase. Then you have to consider the impact of the mandates issued as a result of COVID. Many of these mandates have been proven ineffective over time, but the Dems continue to hang onto them. All but one month since then has shown an increase in inflation and that trend continues to date.
The government continued to deny that inflation was a problem, to the point that we are now behind the 8-ball on another crisis. When you look at the actions taken by the government to this point, they have all been reactionary. The sign of strong leadership is to get out in front of problems and help avoid them, not wait until they are eating you alive.
They say the definition of insanity is to keep doing the same thing over and over and expecting different results. Keep those socialist spending bills coming. Told you so's won't do us any good if our country is already ran into the ground.
Attached is the chart showing the 2021 inflation tracking.",Tom Baker,2/10/2022,inflation,Negative,M,MO,R
"INFLATION: Trump vs Biden?
Trump:
2017: 2.1%
2018: 1.9%
2019: 2.3%
2020: 1.4%
Avg: 1.925%
Biden:
2021: 7% 
January 2022: 7.3%
For those too young to remember, when Reagan assumed office the third week of January 1980, the inflation rate he inherited from the Carter Administration was a staggering 13.9%. It’s terrifying to think that’s where we could be heading.
#ThanksBiden #Inflation 
https://www.usinflationcalculator.com/.../current.../
https://tradingeconomics.com/united-states/inflation-cpi",Kathleen Anderson,1/4/2022,inflation,Negative,F,UT,R
"Food prices +6.3%
 Average wages* –2.4%
 December 2020 to December 2021.
 Source: U.S. Bureau of Labor Statistics 
 *After inflation.",David Anthony,2/10/2022,inflation,Negative,M,OH,
"December experienced a slow down in inflation compared to the month before, and the lowest monthly increase in the Producer Price Index since November 2020. 
This is another sign that progress is being made on the high prices Americans are facing.",Mike Quigley,1/15/2022,inflation,Negative,M,IL,
"December 2021 Real Estate Report !! It is Rewarding to see Home price appreciated by 10.2%, if you have purchased a property in December 2020. No Wonder Real Estate is Inflation Proof.",Tenzin Choephel Dholung,1/18/2022,inflation,Negative,M,WI,
From 1.4% 2020 to 7% and getting WORST...  many AMERICANS will suffer twice as much by summer 2022.,Art Cardona,2/10/2022,inflation,Negative,M,TX,
"40 year high of inflation!
Biden inflation has given us the highest priced goods since 1982.  Biden is a disaster for anyone who works for a living.   #TX38 #TXGOP #TXpolitics",Jerry Ford,1/12/2022,inflation,Negative,M,TX,
"Maybe people will spend a lot of their 2020 savings and their 2021 stimulus checks, justifying fears over inflation. Or maybe not. Because consumption during the pandemic was … odd.",Paul Krugman,7/23/2021,inflation,Positive,M,NY,D
"Biden’s inflation is a tax on every single American family. If America First conservatives don’t take back the House in 2022, it’s only going to get worse.",Jake Evans,2/3/2022,inflation,Negative,M,GA,
"Consumers are not optimistic that inflation is going away. America continues to suffer as the Biden administration insists upon spending more taxpayer dollars on his leftist wish list, with no end in sight.",Senator Todd Young,11/14/2021,consumer sentiment,Negative,M,IN,R
"From Bloomberg Opinion re US consumer sentiment and inflation.
As I feared, and for the reasons outlined in articles and tweets since the spring, the Federal Reserve's overly-relaxed approach to higher inflation has helped fuel growing economic, financial, institutional and, socio-political challenges.
#bloomberg #inflation #confidence #consumerprices #consumers  #consumersentiment",Mohamed A. El-Erian,11/21/2021,consumer sentiment,Negative,M,NY,
"WEEKLY MARKET UPDATE 
✨ This is the first official weekly market update of 2022! The pandemic continues to twist, turn, and be difficult to predict. Markets have remained steady and growth is trending to remain strong, at least for the first half of the year. The second half of 2022 could prove more challenging...
LAST WEEK
📉 The #pricesindex was down from November numbers - an indication that #supplychain issues are improving
💼 A record 4.5 million Americans quit their job in November
👍 Quits may be high, but total jobs available are as well, with almost 200,000 jobs being added in December
🏢 While Fed policy tends to have great impact on the market's trajectory, it's expected to have less of an impact in the 2022 markets
THE WEEK AHEAD
📢 #NFIB #smallbusinessindex for December will be out on Tuesday
📢 Wednesday will have #CPI and core CPI reads from December
📢 Holiday spending and #consumersentiment are due by the end of the week
#WeeklyMarketUpdate",Brian Acker,1/11/2022,consumer sentiment,Negative,M,WI,
"WEEKLY MARKET UPDATE
💸Year-over-year #inflation reached a 39-year high last week.  Instead of getting excited, let's take a look at the bigger picture…
LAST WEEK
⛽ Gasoline, food, and used and new vehicles were the biggest contributors to #CPI though all components increased
💼 #Joblessclaims hit the lowest level since September 1969 signaling a strong #labormarket
👍 #Consumersentiment improved especially among lower-income households
THE WEEK AHEAD
📢 NFIB small-business index comes out before the #market opens on Tuesday
📢 Retail sales reports, Fed Committee meeting, and the homebuilders' index are due mid-week
📢 More housing data including building permits will close the week
#MarketUpdate",Tyler Clary,12/14/2021,consumer sentiment,Negative,M,NC,
"Inflation is crushing the middle class, and families are feeling it at the grocery store.",Senator Bill Cassidy,2/19/2022,inflation,Negative,M,LA,R
Every place is short staffed which isn’t their fault. I just wanna know what everyone is doing for money if no one is working??? Especially with all the inflation 😓￼,Nikki Shappell,2/19/2022,inflation,Negative,F,NY,
"While our future looks brighter than ever before, our families need help now to address rising prices from inflation. I took action this week, with two steps that will help Kentuckians see $1.2 billion in tax relief. 
✅ $873 million directly related to sales tax savings
✅ $340 million from a reduction in vehicle property taxes",Governor Andy Beshear,2/19/2022,inflation,Negative,M,KY,D
"Republicans want to talk about inflation morning, noon, and night. But they don’t want to field a full team at the Fed, or help get the pandemic under control, or lower basic costs for families like child care and prescription drugs. Talk is cheap. Help out, or get out of the way.",Elizabeth Warren,2/18/2022,inflation,Positive,F,MA,D